[
  {
    "id": "84082d1c-ff46-4a38-9fed-0dfc89e5ba64",
    "data": [
      {
        "text": "Can I see the ",
        "userDefined": false
      },
      {
        "text": "cotton",
        "meta": "@tag",
        "alias": "tag",
        "userDefined": false
      },
      {
        "text": " ones?",
        "userDefined": false
      }
    ],
    "isTemplate": false,
    "count": 0,
    "lang": "en",
    "updated": 0
  },
  {
    "id": "8c715cfa-de9c-45b1-a026-820e751a09e2",
    "data": [
      {
        "text": "Add the ",
        "userDefined": false
      },
      {
        "text": "printed",
        "meta": "@tag",
        "alias": "tag",
        "userDefined": false
      },
      {
        "text": " tag",
        "userDefined": false
      }
    ],
    "isTemplate": false,
    "count": 0,
    "lang": "en",
    "updated": 0
  },
  {
    "id": "9891c81e-326a-431d-aca2-79d75d12c50b",
    "data": [
      {
        "text": "Show me only the ",
        "userDefined": false
      },
      {
        "text": "pants",
        "meta": "@tag",
        "alias": "tag",
        "userDefined": false
      }
    ],
    "isTemplate": false,
    "count": 0,
    "lang": "en",
    "updated": 0
  },
  {
    "id": "c2df1598-84a3-4c72-860b-716b97c73317",
    "data": [
      {
        "text": "Which ones are ",
        "userDefined": false
      },
      {
        "text": "women",
        "meta": "@tag",
        "alias": "tag",
        "userDefined": false
      },
      {
        "text": "?",
        "userDefined": false
      }
    ],
    "isTemplate": false,
    "count": 0,
    "lang": "en",
    "updated": 0
  },
  {
    "id": "c68f0711-511f-4764-8858-81a053bcdafe",
    "data": [
      {
        "text": "Can you only show me the ",
        "userDefined": false
      },
      {
        "text": "shorts",
        "meta": "@tag",
        "alias": "tag",
        "userDefined": false
      }
    ],
    "isTemplate": false,
    "count": 0,
    "lang": "en",
    "updated": 0
  },
  {
    "id": "2b824934-0631-4750-b911-01b308adc5fc",
    "data": [
      {
        "text": "I want to see ",
        "userDefined": false
      },
      {
        "text": "hoodies",
        "meta": "@tag",
        "alias": "tag",
        "userDefined": false
      }
    ],
    "isTemplate": false,
    "count": 0,
    "lang": "en",
    "updated": 0
  },
  {
    "id": "271a9d2e-990d-4c84-93ac-816de59ad5c7",
    "data": [
      {
        "text": "I want to add the ",
        "userDefined": false
      },
      {
        "text": "polyester",
        "meta": "@tag",
        "alias": "tag",
        "userDefined": false
      },
      {
        "text": " tag",
        "userDefined": false
      }
    ],
    "isTemplate": false,
    "count": 0,
    "lang": "en",
    "updated": 0
  },
  {
    "id": "c0f7e193-f755-455e-926f-f57e7fc1cad4",
    "data": [
      {
        "text": "Do you have a ",
        "userDefined": false
      },
      {
        "text": "grey",
        "meta": "@tag",
        "alias": "tag",
        "userDefined": true
      },
      {
        "text": " one?",
        "userDefined": false
      }
    ],
    "isTemplate": false,
    "count": 0,
    "lang": "en",
    "updated": 0
  },
  {
    "id": "29490418-8bfa-4ab7-8d1a-d915ccea6bf8",
    "data": [
      {
        "text": "I like the ",
        "userDefined": false
      },
      {
        "text": "shorts",
        "meta": "@tag",
        "alias": "tag",
        "userDefined": true
      }
    ],
    "isTemplate": false,
    "count": 0,
    "lang": "en",
    "updated": 0
  },
  {
    "id": "fb94f7a9-c97e-4a55-8c43-bb5dd5914265",
    "data": [
      {
        "text": "Show me the ",
        "userDefined": false
      },
      {
        "text": "white",
        "meta": "@tag",
        "alias": "tag",
        "userDefined": true
      },
      {
        "text": " one.",
        "userDefined": false
      }
    ],
    "isTemplate": false,
    "count": 0,
    "lang": "en",
    "updated": 0
  },
  {
    "id": "7e7266b6-01a9-46da-b0cf-8298fdc92fa5",
    "data": [
      {
        "text": "May I see those with ",
        "userDefined": false
      },
      {
        "text": "badger",
        "meta": "@tag",
        "alias": "tag",
        "userDefined": true
      },
      {
        "text": "?",
        "userDefined": false
      }
    ],
    "isTemplate": false,
    "count": 0,
    "lang": "en",
    "updated": 0
  },
  {
    "id": "3fea3206-3fab-44ee-ac09-b9431b18473f",
    "data": [
      {
        "text": "Can you add the ",
        "userDefined": false
      },
      {
        "text": "red",
        "meta": "@tag",
        "alias": "tag",
        "userDefined": true
      },
      {
        "text": " tag?",
        "userDefined": false
      }
    ],
    "isTemplate": false,
    "count": 0,
    "lang": "en",
    "updated": 0
  }
]