[
  {
    "id": "2440cfc4-1339-489a-9404-7d3f73fdf82f",
    "data": [
      {
        "text": "Remove the filters applied",
        "userDefined": false
      }
    ],
    "isTemplate": false,
    "count": 1,
    "lang": "en",
    "updated": 0
  },
  {
    "id": "b6a18a6d-4f72-46fc-b2d9-48e1bf2fcc1c",
    "data": [
      {
        "text": "Can you remove all the filters?",
        "userDefined": false
      }
    ],
    "isTemplate": false,
    "count": 0,
    "lang": "en",
    "updated": 0
  },
  {
    "id": "5ee657c5-2ab4-427d-8bff-4d14062c9989",
    "data": [
      {
        "text": "I don\u0027t want any tags selected",
        "userDefined": false
      }
    ],
    "isTemplate": false,
    "count": 0,
    "lang": "en",
    "updated": 0
  },
  {
    "id": "cad05d1a-62d9-4d92-8deb-5edd1b53bc4e",
    "data": [
      {
        "text": "Can you get rid of all the tags?",
        "userDefined": false
      }
    ],
    "isTemplate": false,
    "count": 0,
    "lang": "en",
    "updated": 0
  },
  {
    "id": "51f8756f-3e9a-4c8e-a2a5-84f770d55be0",
    "data": [
      {
        "text": "Can you unselect all the tags?",
        "userDefined": false
      }
    ],
    "isTemplate": false,
    "count": 0,
    "lang": "en",
    "updated": 0
  },
  {
    "id": "38ff8218-b9fa-4a0f-8dca-a1b0bd8f4227",
    "data": [
      {
        "text": "Can you remove all the tags selected?",
        "userDefined": false
      }
    ],
    "isTemplate": false,
    "count": 0,
    "lang": "en",
    "updated": 0
  },
  {
    "id": "59b95592-2f5b-4cfb-842c-2220d7f2ff79",
    "data": [
      {
        "text": "Remove all my selected tags",
        "userDefined": false
      }
    ],
    "isTemplate": false,
    "count": 0,
    "lang": "en",
    "updated": 0
  },
  {
    "id": "03942948-9b71-4851-ba70-b32cae068e07",
    "data": [
      {
        "text": "I want to see all the products",
        "userDefined": false
      }
    ],
    "isTemplate": false,
    "count": 0,
    "lang": "en",
    "updated": 0
  },
  {
    "id": "ef0f7fd7-2b2d-4106-8576-15dc3e0cae9c",
    "data": [
      {
        "text": "Remove all the tags",
        "userDefined": false
      }
    ],
    "isTemplate": false,
    "count": 0,
    "lang": "en",
    "updated": 0
  },
  {
    "id": "c4124daa-7b78-45ee-882d-780338cf946a",
    "data": [
      {
        "text": "Unselect all the tags",
        "userDefined": false
      }
    ],
    "isTemplate": false,
    "count": 0,
    "lang": "en",
    "updated": 0
  },
  {
    "id": "c7ebd2db-717c-4b8f-bc82-2a4bfeb7926d",
    "data": [
      {
        "text": "Get rid of all the tags",
        "userDefined": false
      }
    ],
    "isTemplate": false,
    "count": 0,
    "lang": "en",
    "updated": 0
  }
]