[
  {
    "id": "ec0d051b-b7cd-42ad-8b32-93db61a53212",
    "data": [
      {
        "text": "Please get rid of all the items in my cart",
        "userDefined": false
      }
    ],
    "isTemplate": false,
    "count": 0,
    "lang": "en",
    "updated": 0
  },
  {
    "id": "72f5d3cf-0e4f-4a0b-867c-5aedcac30028",
    "data": [
      {
        "text": "Can you empty my cart for me?",
        "userDefined": false
      }
    ],
    "isTemplate": false,
    "count": 0,
    "lang": "en",
    "updated": 0
  },
  {
    "id": "f2adb87b-4db2-4320-8b40-dd0c5794e26b",
    "data": [
      {
        "text": "Clear my cart",
        "userDefined": false
      }
    ],
    "isTemplate": false,
    "count": 0,
    "lang": "en",
    "updated": 0
  },
  {
    "id": "bebd20ee-197d-46c6-9109-d5a4c259249a",
    "data": [
      {
        "text": "Can you remove all items in my cart?",
        "userDefined": false
      }
    ],
    "isTemplate": false,
    "count": 0,
    "lang": "en",
    "updated": 0
  },
  {
    "id": "95e32fd3-f60c-479d-aab3-21f34e4b3917",
    "data": [
      {
        "text": "Empty my cart",
        "userDefined": false
      }
    ],
    "isTemplate": false,
    "count": 0,
    "lang": "en",
    "updated": 0
  },
  {
    "id": "ea4be9cc-7e65-4aa0-8cfc-f2dfbbc456ba",
    "data": [
      {
        "text": "Clear the cart.",
        "userDefined": false
      }
    ],
    "isTemplate": false,
    "count": 0,
    "lang": "en",
    "updated": 0
  },
  {
    "id": "bdd9837f-3510-459a-80d7-bf8ae216e12b",
    "data": [
      {
        "text": "Clean the cart.",
        "userDefined": false
      }
    ],
    "isTemplate": false,
    "count": 0,
    "lang": "en",
    "updated": 0
  },
  {
    "id": "d0b6f077-7f37-48f3-b2b0-8267a221f2b6",
    "data": [
      {
        "text": "Can you help to remove all things in my cart?",
        "userDefined": false
      }
    ],
    "isTemplate": false,
    "count": 0,
    "lang": "en",
    "updated": 0
  },
  {
    "id": "7ee4a0e9-b59b-4137-894f-aabb97b232a1",
    "data": [
      {
        "text": "I\u0027d like to empty my cart.",
        "userDefined": false
      }
    ],
    "isTemplate": false,
    "count": 0,
    "lang": "en",
    "updated": 0
  },
  {
    "id": "7632ba6e-10ab-4f9e-b380-81dfcd0110c4",
    "data": [
      {
        "text": "I don\u0027t want to buy anything.",
        "userDefined": false
      }
    ],
    "isTemplate": false,
    "count": 0,
    "lang": "en",
    "updated": 0
  }
]