[
  {
    "id": "eb0ca7b6-6e38-44ef-8016-cd5f36815f0e",
    "data": [
      {
        "text": "I want to buy these products",
        "userDefined": false
      }
    ],
    "isTemplate": false,
    "count": 0,
    "lang": "en",
    "updated": 0
  },
  {
    "id": "d551a184-766e-43f6-8bb6-3d91e5ada27e",
    "data": [
      {
        "text": "Please confirm my checkout",
        "userDefined": false
      }
    ],
    "isTemplate": false,
    "count": 0,
    "lang": "en",
    "updated": 0
  },
  {
    "id": "b40503ad-7b8e-488b-a447-d59fbade3473",
    "data": [
      {
        "text": "Buy the items in the cart",
        "userDefined": false
      }
    ],
    "isTemplate": false,
    "count": 0,
    "lang": "en",
    "updated": 0
  },
  {
    "id": "84d76f59-4f9a-4f3b-8c19-3e1cf1c584dc",
    "data": [
      {
        "text": "Confirm checkout",
        "userDefined": false
      }
    ],
    "isTemplate": false,
    "count": 0,
    "lang": "en",
    "updated": 0
  },
  {
    "id": "87050a1d-690a-4d46-aaf7-96cc48bd8a2b",
    "data": [
      {
        "text": "Buy all the products in my cart",
        "userDefined": false
      }
    ],
    "isTemplate": false,
    "count": 0,
    "lang": "en",
    "updated": 0
  },
  {
    "id": "e86bceda-09b4-4685-a6f4-d0e9512f5c22",
    "data": [
      {
        "text": "Navigate to cart confirmation page.",
        "userDefined": false
      }
    ],
    "isTemplate": false,
    "count": 0,
    "lang": "en",
    "updated": 0
  },
  {
    "id": "fe89b48f-7124-407e-ac5e-625d1166fcd3",
    "data": [
      {
        "text": "I want to buy all products in the cart.",
        "userDefined": false
      }
    ],
    "isTemplate": false,
    "count": 0,
    "lang": "en",
    "updated": 0
  },
  {
    "id": "fdfbb04d-719e-40ff-a21d-ee3697b6f030",
    "data": [
      {
        "text": "Confirm my cart products",
        "userDefined": false
      }
    ],
    "isTemplate": false,
    "count": 0,
    "lang": "en",
    "updated": 0
  },
  {
    "id": "e9c2c676-a388-4622-9a54-8332365b8873",
    "data": [
      {
        "text": "I am going to purchase the items in cart.",
        "userDefined": false
      }
    ],
    "isTemplate": false,
    "count": 0,
    "lang": "en",
    "updated": 0
  }
]