[
  {
    "id": "370d1640-70c5-4acb-84fd-4505b90ac56a",
    "data": [
      {
        "text": "What are the different categories?",
        "userDefined": false
      }
    ],
    "isTemplate": false,
    "count": 0,
    "lang": "en",
    "updated": 0
  },
  {
    "id": "59cc0cf0-a898-461d-a838-c8b67227c7bd",
    "data": [
      {
        "text": "Tell me about the different categories in the shop",
        "userDefined": false
      }
    ],
    "isTemplate": false,
    "count": 0,
    "lang": "en",
    "updated": 0
  },
  {
    "id": "70c909fa-4ea8-428c-b297-ed83bcca5dfe",
    "data": [
      {
        "text": "What categories are in the shop?",
        "userDefined": false
      }
    ],
    "isTemplate": false,
    "count": 0,
    "lang": "en",
    "updated": 0
  },
  {
    "id": "4adda325-8e08-4fa0-8b0d-b296f982f728",
    "data": [
      {
        "text": "What type of products can I find here?",
        "userDefined": false
      }
    ],
    "isTemplate": false,
    "count": 0,
    "lang": "en",
    "updated": 0
  },
  {
    "id": "2f9bb43a-704f-449f-a0eb-763cc84217d2",
    "data": [
      {
        "text": "Tell me about the products in the shop",
        "userDefined": false
      }
    ],
    "isTemplate": false,
    "count": 0,
    "lang": "en",
    "updated": 0
  },
  {
    "id": "c6652f81-a91b-491b-ad55-07e7036e3db3",
    "data": [
      {
        "text": "What products do you have?",
        "userDefined": false
      }
    ],
    "isTemplate": false,
    "count": 0,
    "lang": "en",
    "updated": 0
  },
  {
    "id": "74b2c3fc-2c9a-4b51-8a32-3ff498ae6377",
    "data": [
      {
        "text": "What are the categories of your products?",
        "userDefined": false
      }
    ],
    "isTemplate": false,
    "count": 0,
    "lang": "en",
    "updated": 0
  },
  {
    "id": "6521b5f8-22a3-4cf1-8b56-f3ca31acaa49",
    "data": [
      {
        "text": "What are the types of products in your shop?",
        "userDefined": false
      }
    ],
    "isTemplate": false,
    "count": 0,
    "lang": "en",
    "updated": 0
  },
  {
    "id": "056ff21e-e4d2-4d20-b755-7f728c488432",
    "data": [
      {
        "text": "What kinds of products do you have?",
        "userDefined": false
      }
    ],
    "isTemplate": false,
    "count": 0,
    "lang": "en",
    "updated": 0
  },
  {
    "id": "3bf20aad-7e6c-4447-bffe-3b1166ea9d44",
    "data": [
      {
        "text": "Present me with all categories.",
        "userDefined": false
      }
    ],
    "isTemplate": false,
    "count": 0,
    "lang": "en",
    "updated": 0
  },
  {
    "id": "b1e4e3b0-80d4-47d4-be6b-cb969461921d",
    "data": [
      {
        "text": "What are the categories?",
        "userDefined": false
      }
    ],
    "isTemplate": false,
    "count": 0,
    "lang": "en",
    "updated": 0
  }
]