[
  {
    "id": "96938708-9e7e-4a6a-aa42-48f2bc6d9ac4",
    "data": [
      {
        "text": "Can you tell me what I have in my cart?",
        "userDefined": false
      }
    ],
    "isTemplate": false,
    "count": 0,
    "lang": "en",
    "updated": 0
  },
  {
    "id": "3f57730b-ad0f-4685-a1f8-842b248132f3",
    "data": [
      {
        "text": "Which items do I have in my cart?",
        "userDefined": false
      }
    ],
    "isTemplate": false,
    "count": 0,
    "lang": "en",
    "updated": 0
  },
  {
    "id": "dec9a6b8-727d-477e-a2a5-f54425d1fa5e",
    "data": [
      {
        "text": "Tell me my items in my cart",
        "userDefined": false
      }
    ],
    "isTemplate": false,
    "count": 0,
    "lang": "en",
    "updated": 0
  },
  {
    "id": "878ec08d-bd4a-4524-9c48-ffbc70f3b4c0",
    "data": [
      {
        "text": "What items are in my cart right now?",
        "userDefined": false
      }
    ],
    "isTemplate": false,
    "count": 0,
    "lang": "en",
    "updated": 0
  },
  {
    "id": "14dcdd57-8606-49f9-a07d-b1ac271dd9d0",
    "data": [
      {
        "text": "What do I have in my cart?",
        "userDefined": false
      }
    ],
    "isTemplate": false,
    "count": 0,
    "lang": "en",
    "updated": 0
  },
  {
    "id": "0fde127d-7598-4359-8201-60478a3c09bd",
    "data": [
      {
        "text": "Can you tell me the products in my cart?",
        "userDefined": false
      }
    ],
    "isTemplate": false,
    "count": 0,
    "lang": "en",
    "updated": 0
  },
  {
    "id": "ebec537b-680b-4dac-88a0-9a0d444e3c78",
    "data": [
      {
        "text": "What products I have added into cart?",
        "userDefined": false
      }
    ],
    "isTemplate": false,
    "count": 0,
    "lang": "en",
    "updated": 0
  },
  {
    "id": "46e62640-a2ff-4f4d-b74f-b5831b4dc658",
    "data": [
      {
        "text": "Give me the detail of products in cart.",
        "userDefined": false
      }
    ],
    "isTemplate": false,
    "count": 0,
    "lang": "en",
    "updated": 0
  },
  {
    "id": "d00a7d33-be6c-4454-8011-14ae77be2db7",
    "data": [
      {
        "text": "How many items in my cart?",
        "userDefined": false
      }
    ],
    "isTemplate": false,
    "count": 1,
    "lang": "en",
    "updated": 0
  },
  {
    "id": "ec040132-532c-429f-9cb0-2f830ec7d662",
    "data": [
      {
        "text": "What\u0027s in my cart?",
        "userDefined": false
      }
    ],
    "isTemplate": false,
    "count": 0,
    "lang": "en",
    "updated": 0
  }
]