[
  {
    "id": "2ace78b1-d505-444e-9929-7b31eb192163",
    "data": [
      {
        "text": "What information is there on the ",
        "userDefined": false
      },
      {
        "text": "Jump Around Shirt",
        "meta": "@product",
        "alias": "product",
        "userDefined": false
      },
      {
        "text": "?",
        "userDefined": false
      }
    ],
    "isTemplate": false,
    "count": 0,
    "lang": "en",
    "updated": 0
  },
  {
    "id": "c098c820-340a-49fe-94fb-18157b618659",
    "data": [
      {
        "text": "I want to know more about the ",
        "userDefined": false
      },
      {
        "text": "Wisconsin Qualifier Woven Short",
        "meta": "@product",
        "alias": "product",
        "userDefined": false
      }
    ],
    "isTemplate": false,
    "count": 0,
    "lang": "en",
    "updated": 0
  },
  {
    "id": "f349fb61-38e9-4d21-940c-4d5c7e003d47",
    "data": [
      {
        "text": "Tell me about the ",
        "userDefined": false
      },
      {
        "text": "Jump Around Shirt",
        "meta": "@product",
        "alias": "product",
        "userDefined": false
      }
    ],
    "isTemplate": false,
    "count": 0,
    "lang": "en",
    "updated": 0
  },
  {
    "id": "3222194f-e7e1-4e3d-a88b-ee6acdca7ab6",
    "data": [
      {
        "text": "What information can you tell me about the ",
        "userDefined": false
      },
      {
        "text": "Bucky Badger Pillow",
        "meta": "@product",
        "alias": "product",
        "userDefined": false
      },
      {
        "text": "?",
        "userDefined": false
      }
    ],
    "isTemplate": false,
    "count": 0,
    "lang": "en",
    "updated": 0
  },
  {
    "id": "5fa41879-e35d-484c-b312-65bec35551de",
    "data": [
      {
        "text": "Tell me more about the ",
        "userDefined": false
      },
      {
        "text": "W Cloud Pillow",
        "meta": "@product",
        "alias": "product",
        "userDefined": false
      }
    ],
    "isTemplate": false,
    "count": 0,
    "lang": "en",
    "updated": 0
  },
  {
    "id": "a2da8440-2a75-4fd5-b8f9-657580f50101",
    "data": [
      {
        "text": "What can you tell me about the ",
        "userDefined": false
      },
      {
        "text": "Wisconsin Running Shorts",
        "meta": "@product",
        "alias": "product",
        "userDefined": false
      },
      {
        "text": "?",
        "userDefined": false
      }
    ],
    "isTemplate": false,
    "count": 0,
    "lang": "en",
    "updated": 0
  },
  {
    "id": "8799007b-50e7-4b41-8087-789fee7a48b9",
    "data": [
      {
        "text": "Can you show me the information for ",
        "userDefined": false
      },
      {
        "text": "Wisconsin Leggings",
        "meta": "@product",
        "alias": "product",
        "userDefined": false
      },
      {
        "text": " ?",
        "userDefined": false
      }
    ],
    "isTemplate": false,
    "count": 0,
    "lang": "en",
    "updated": 0
  },
  {
    "id": "ec24ebfd-d192-4e83-aaff-14da606ae71a",
    "data": [
      {
        "text": "Could you give me more information about ",
        "userDefined": false
      },
      {
        "text": "Wisconsin Leggings",
        "meta": "@product",
        "alias": "product",
        "userDefined": true
      },
      {
        "text": " ?",
        "userDefined": false
      }
    ],
    "isTemplate": false,
    "count": 0,
    "lang": "en",
    "updated": 0
  },
  {
    "id": "476de6b3-7fea-40de-9278-041107776d50",
    "data": [
      {
        "text": "Tell me the details about ",
        "userDefined": false
      },
      {
        "text": "Wisconsin Leggings",
        "meta": "@product",
        "alias": "product",
        "userDefined": true
      },
      {
        "text": " .",
        "userDefined": false
      }
    ],
    "isTemplate": false,
    "count": 0,
    "lang": "en",
    "updated": 0
  },
  {
    "id": "bdb50386-4b43-4617-9983-134380704a39",
    "data": [
      {
        "text": "Show the infomation of ",
        "userDefined": false
      },
      {
        "text": "Bucky Badger Plush",
        "meta": "@product",
        "alias": "product",
        "userDefined": true
      },
      {
        "text": " .",
        "userDefined": false
      }
    ],
    "isTemplate": false,
    "count": 0,
    "lang": "en",
    "updated": 0
  }
]