[
  {
    "id": "d8d2b523-73cd-48bf-8648-f4d689ab6440",
    "data": [
      {
        "text": "Can I log in to my account?",
        "userDefined": false
      }
    ],
    "isTemplate": false,
    "count": 0,
    "lang": "en",
    "updated": 0
  },
  {
    "id": "3abfaf0d-7343-4a60-805a-4705a4364dd6",
    "data": [
      {
        "text": "I want to login to my account",
        "userDefined": false
      }
    ],
    "isTemplate": false,
    "count": 0,
    "lang": "en",
    "updated": 0
  },
  {
    "id": "19cec351-f177-44af-af5f-9fa8ca432583",
    "data": [
      {
        "text": "I want to log into my account",
        "userDefined": false
      }
    ],
    "isTemplate": false,
    "count": 0,
    "lang": "en",
    "updated": 0
  },
  {
    "id": "15df630c-6c17-447a-adc6-58a185208831",
    "data": [
      {
        "text": "Please log me in",
        "userDefined": false
      }
    ],
    "isTemplate": false,
    "count": 0,
    "lang": "en",
    "updated": 0
  },
  {
    "id": "5ab20dd1-7e5e-41dd-a478-1b54b02cdece",
    "data": [
      {
        "text": "Can I login?",
        "userDefined": false
      }
    ],
    "isTemplate": false,
    "count": 0,
    "lang": "en",
    "updated": 0
  },
  {
    "id": "169409e9-798e-4327-8b5c-c38e8a5be088",
    "data": [
      {
        "text": "Can you log me in?",
        "userDefined": false
      }
    ],
    "isTemplate": false,
    "count": 0,
    "lang": "en",
    "updated": 0
  },
  {
    "id": "2933762e-6207-47e7-9828-196224ecca00",
    "data": [
      {
        "text": "I want to login",
        "userDefined": false
      }
    ],
    "isTemplate": false,
    "count": 0,
    "lang": "en",
    "updated": 0
  },
  {
    "id": "69c6c8ac-9ec3-402a-b791-fb0f988a3729",
    "data": [
      {
        "text": "Login to my account",
        "userDefined": false
      }
    ],
    "isTemplate": false,
    "count": 0,
    "lang": "en",
    "updated": 0
  },
  {
    "id": "8e80073b-a27e-477c-9c04-279afc7b3e9e",
    "data": [
      {
        "text": "Log in",
        "userDefined": false
      }
    ],
    "isTemplate": false,
    "count": 0,
    "lang": "en",
    "updated": 0
  },
  {
    "id": "fc77a023-5875-41f2-83ee-9f0fc20717ff",
    "data": [
      {
        "text": "Login",
        "userDefined": false
      }
    ],
    "isTemplate": false,
    "count": 0,
    "lang": "en",
    "updated": 0
  }
]