[
  {
    "id": "8580473b-0d99-4b7e-a616-75a4f5e468ea",
    "data": [
      {
        "text": "I want to see the ",
        "userDefined": false
      },
      {
        "text": "hats",
        "meta": "@category",
        "alias": "category",
        "userDefined": false
      }
    ],
    "isTemplate": false,
    "count": 0,
    "lang": "en",
    "updated": 0
  },
  {
    "id": "9e1c7555-24e2-4658-8e71-d6aedbd8dc17",
    "data": [
      {
        "text": "Go back to the ",
        "userDefined": false
      },
      {
        "text": "home",
        "meta": "@pageIntent",
        "alias": "pageIntent",
        "userDefined": false
      },
      {
        "text": " page",
        "userDefined": false
      }
    ],
    "isTemplate": false,
    "count": 0,
    "lang": "en",
    "updated": 0
  },
  {
    "id": "bb9e6780-f81e-44db-8587-831ff1a7dd67",
    "data": [
      {
        "text": "confirm cart",
        "meta": "@pageIntent",
        "alias": "pageIntent",
        "userDefined": true
      }
    ],
    "isTemplate": false,
    "count": 0,
    "lang": "en",
    "updated": 0
  },
  {
    "id": "af35f4ea-ae61-4a00-b4b5-c434004fdcac",
    "data": [
      {
        "text": "I want to go to the ",
        "userDefined": false
      },
      {
        "text": "review cart",
        "meta": "@pageIntent",
        "alias": "pageIntent",
        "userDefined": true
      },
      {
        "text": " page",
        "userDefined": false
      }
    ],
    "isTemplate": false,
    "count": 0,
    "lang": "en",
    "updated": 0
  },
  {
    "id": "2eb215d9-602c-49ec-b210-079534228cb1",
    "data": [
      {
        "text": "Can I see the ",
        "userDefined": false
      },
      {
        "text": "W Cloud Pillow",
        "meta": "@product",
        "alias": "product",
        "userDefined": false
      }
    ],
    "isTemplate": false,
    "count": 0,
    "lang": "en",
    "updated": 0
  },
  {
    "id": "26f4f79e-dfeb-4140-814c-6c6e1f923c08",
    "data": [
      {
        "text": "I want to see the ",
        "userDefined": false
      },
      {
        "text": "plushes",
        "meta": "@category",
        "alias": "category",
        "userDefined": false
      }
    ],
    "isTemplate": false,
    "count": 0,
    "lang": "en",
    "updated": 0
  },
  {
    "id": "62d6ff55-6085-4706-b22a-288d543ea827",
    "data": [
      {
        "text": "Take me to the ",
        "userDefined": false
      },
      {
        "text": "cart",
        "meta": "@pageIntent",
        "alias": "pageIntent",
        "userDefined": true
      },
      {
        "text": " page",
        "userDefined": false
      }
    ],
    "isTemplate": false,
    "count": 0,
    "lang": "en",
    "updated": 0
  },
  {
    "id": "a9987e88-7f97-4b5f-9161-f416a482c71e",
    "data": [
      {
        "text": "Show me the ",
        "userDefined": false
      },
      {
        "text": "Wisconsin Running Shorts",
        "meta": "@product",
        "alias": "product",
        "userDefined": false
      }
    ],
    "isTemplate": false,
    "count": 0,
    "lang": "en",
    "updated": 0
  },
  {
    "id": "7b86b633-0e9c-4c35-8481-b2f48a9b13bc",
    "data": [
      {
        "text": "Show me the ",
        "userDefined": false
      },
      {
        "text": "leggings",
        "meta": "@category",
        "alias": "category",
        "userDefined": false
      }
    ],
    "isTemplate": false,
    "count": 0,
    "lang": "en",
    "updated": 0
  },
  {
    "id": "88dbea35-b7ff-411f-bc0b-65837089ec58",
    "data": [
      {
        "text": "Show the products in ",
        "userDefined": false
      },
      {
        "text": "hats",
        "meta": "@category",
        "alias": "category",
        "userDefined": true
      },
      {
        "text": " page.",
        "userDefined": false
      }
    ],
    "isTemplate": false,
    "count": 0,
    "lang": "en",
    "updated": 0
  },
  {
    "id": "27c1e0a9-2ce3-4f72-a18c-9ad95967687a",
    "data": [
      {
        "text": "Change page to the ",
        "userDefined": false
      },
      {
        "text": "cart",
        "meta": "@pageIntent",
        "alias": "pageIntent",
        "userDefined": true
      },
      {
        "text": ".",
        "userDefined": false
      }
    ],
    "isTemplate": false,
    "count": 0,
    "lang": "en",
    "updated": 0
  },
  {
    "id": "09f15bbb-7c70-467c-a086-aa5753b23add",
    "data": [
      {
        "text": "Navigate to the ",
        "userDefined": false
      },
      {
        "text": "log in",
        "meta": "@pageIntent",
        "alias": "pageIntent",
        "userDefined": true
      },
      {
        "text": " page.",
        "userDefined": false
      }
    ],
    "isTemplate": false,
    "count": 0,
    "lang": "en",
    "updated": 0
  },
  {
    "id": "cb1e211d-6080-4742-be21-73bc7d13b2f9",
    "data": [
      {
        "text": "Show me the page of ",
        "userDefined": false
      },
      {
        "text": "Bucky Badger Pillow",
        "meta": "@product",
        "alias": "product",
        "userDefined": true
      },
      {
        "text": " .",
        "userDefined": false
      }
    ],
    "isTemplate": false,
    "count": 0,
    "lang": "en",
    "updated": 0
  },
  {
    "id": "e5a137b7-aaaa-490a-8c95-2fe9171cc91b",
    "data": [
      {
        "text": "Go to the ",
        "userDefined": false
      },
      {
        "text": "home",
        "meta": "@pageIntent",
        "alias": "pageIntent",
        "userDefined": true
      },
      {
        "text": " page.",
        "userDefined": false
      }
    ],
    "isTemplate": false,
    "count": 0,
    "lang": "en",
    "updated": 0
  }
]