[
  {
    "id": "57039d74-d2c3-493c-9561-3b0653ab121d",
    "data": [
      {
        "text": "Unselect the ",
        "userDefined": false
      },
      {
        "text": "pants",
        "meta": "@tag",
        "alias": "tag",
        "userDefined": false
      },
      {
        "text": " tag",
        "userDefined": false
      }
    ],
    "isTemplate": false,
    "count": 0,
    "lang": "en",
    "updated": 0
  },
  {
    "id": "0e430706-79be-48d3-adc2-394d97cd5da4",
    "data": [
      {
        "text": "Unselect ",
        "userDefined": false
      },
      {
        "text": "hoodies",
        "meta": "@tag",
        "alias": "tag",
        "userDefined": false
      }
    ],
    "isTemplate": false,
    "count": 0,
    "lang": "en",
    "updated": 0
  },
  {
    "id": "f945a628-994c-4208-9d03-08b208d9e5cb",
    "data": [
      {
        "text": "Can the ",
        "userDefined": false
      },
      {
        "text": "logo",
        "meta": "@tag",
        "alias": "tag",
        "userDefined": false
      },
      {
        "text": " tag be removed?",
        "userDefined": false
      }
    ],
    "isTemplate": false,
    "count": 0,
    "lang": "en",
    "updated": 0
  },
  {
    "id": "730d1635-82c9-49ee-8785-939b13ac1d6c",
    "data": [
      {
        "text": "Don\u0027t show me ",
        "userDefined": false
      },
      {
        "text": "youth",
        "meta": "@tag",
        "alias": "tag",
        "userDefined": false
      }
    ],
    "isTemplate": false,
    "count": 0,
    "lang": "en",
    "updated": 0
  },
  {
    "id": "da262e60-9645-49c8-a6e3-dcf86fe068b0",
    "data": [
      {
        "text": "Please remove ",
        "userDefined": false
      },
      {
        "text": "white",
        "meta": "@tag",
        "alias": "tag",
        "userDefined": false
      },
      {
        "text": "?",
        "userDefined": false
      }
    ],
    "isTemplate": false,
    "count": 0,
    "lang": "en",
    "updated": 0
  },
  {
    "id": "baabfb19-1899-424e-a417-28503ac2da1b",
    "data": [
      {
        "text": "Can you remove ",
        "userDefined": false
      },
      {
        "text": "grey",
        "meta": "@tag",
        "alias": "tag",
        "userDefined": false
      },
      {
        "text": "?",
        "userDefined": false
      }
    ],
    "isTemplate": false,
    "count": 0,
    "lang": "en",
    "updated": 0
  },
  {
    "id": "ccad4da3-f5ac-4267-8e96-e459ca5f5c71",
    "data": [
      {
        "text": "I don\u0027t want to see ",
        "userDefined": false
      },
      {
        "text": "printed",
        "meta": "@tag",
        "alias": "tag",
        "userDefined": false
      },
      {
        "text": " items",
        "userDefined": false
      }
    ],
    "isTemplate": false,
    "count": 0,
    "lang": "en",
    "updated": 0
  },
  {
    "id": "cb613483-704d-4ccb-9de5-16fcacb9c88c",
    "data": [
      {
        "text": "I don\u0027t want to see ",
        "userDefined": false
      },
      {
        "text": "shorts",
        "meta": "@tag",
        "alias": "tag",
        "userDefined": false
      }
    ],
    "isTemplate": false,
    "count": 0,
    "lang": "en",
    "updated": 0
  },
  {
    "id": "96b2c2d7-0376-416c-80e9-717081dbfaeb",
    "data": [
      {
        "text": "Can you remove the ",
        "userDefined": false
      },
      {
        "text": "cotton",
        "meta": "@tag",
        "alias": "tag",
        "userDefined": false
      },
      {
        "text": " tag?",
        "userDefined": false
      }
    ],
    "isTemplate": false,
    "count": 0,
    "lang": "en",
    "updated": 0
  },
  {
    "id": "9bfb3257-49f9-463c-8481-61dc61ef3a50",
    "data": [
      {
        "text": "Remove the ",
        "userDefined": false
      },
      {
        "text": "polyester",
        "meta": "@tag",
        "alias": "tag",
        "userDefined": false
      },
      {
        "text": " tag",
        "userDefined": false
      }
    ],
    "isTemplate": false,
    "count": 0,
    "lang": "en",
    "updated": 0
  }
]