[
  {
    "id": "1cef59b4-cbc7-43f0-bdb8-7f4b4a92e915",
    "data": [
      {
        "text": "Can I review the items in my cart?",
        "userDefined": false
      }
    ],
    "isTemplate": false,
    "count": 0,
    "lang": "en",
    "updated": 0
  },
  {
    "id": "6a3499d7-4c24-4d22-ab7e-355288eff64a",
    "data": [
      {
        "text": "I would like to review my cart",
        "userDefined": false
      }
    ],
    "isTemplate": false,
    "count": 0,
    "lang": "en",
    "updated": 0
  },
  {
    "id": "ce48a6cb-2279-4cc2-aadd-c276e398ef3f",
    "data": [
      {
        "text": "I want to review my cart",
        "userDefined": false
      }
    ],
    "isTemplate": false,
    "count": 0,
    "lang": "en",
    "updated": 0
  },
  {
    "id": "2c552086-8eab-4c18-adeb-52fd67fbacdd",
    "data": [
      {
        "text": "I would like to review the products in my cart",
        "userDefined": false
      }
    ],
    "isTemplate": false,
    "count": 0,
    "lang": "en",
    "updated": 0
  },
  {
    "id": "f91da5df-f146-4f6c-955a-fb50e180eee7",
    "data": [
      {
        "text": "Can you take me to the cart review page",
        "userDefined": false
      }
    ],
    "isTemplate": false,
    "count": 1,
    "lang": "en",
    "updated": 0
  },
  {
    "id": "c0ffde06-16de-4e43-a5e7-bbb0de925e31",
    "data": [
      {
        "text": "Guide me to the review cart page.",
        "userDefined": false
      }
    ],
    "isTemplate": false,
    "count": 0,
    "lang": "en",
    "updated": 0
  },
  {
    "id": "6af76bbc-8fe1-4771-8228-5c1151a7fe9a",
    "data": [
      {
        "text": "I want to review the items in my cart.",
        "userDefined": false
      }
    ],
    "isTemplate": false,
    "count": 0,
    "lang": "en",
    "updated": 0
  },
  {
    "id": "d068715d-30d4-4276-bc5c-89ae80779aaa",
    "data": [
      {
        "text": "Could you navigate me to the cart review page?",
        "userDefined": false
      }
    ],
    "isTemplate": false,
    "count": 0,
    "lang": "en",
    "updated": 0
  },
  {
    "id": "9d16ca47-2f11-49bb-9540-0cd2c700879d",
    "data": [
      {
        "text": "Can I go to the cart review page?",
        "userDefined": false
      }
    ],
    "isTemplate": false,
    "count": 0,
    "lang": "en",
    "updated": 0
  },
  {
    "id": "d05dad94-8173-47fc-bb43-df01aa38b43a",
    "data": [
      {
        "text": "Can I have a look at my products in cart?",
        "userDefined": false
      }
    ],
    "isTemplate": false,
    "count": 0,
    "lang": "en",
    "updated": 0
  }
]